,tot_cost,solar capacity (kW),wind capacity (kW),battery capacity (kWh),inverter capacity (kW),grid electricity (kWh),solar_cost,wind_cost,storage_cost,inverter_cost,storage cost after replacement,inverter cost after replacement,fossil_cost,solar_OM,wind_OM,grid rates in 25 years,12 peak demands,12 peak demand charges,12 grid charges,1 year of curtailment export
0,146157596.22119832,5000.0,5000.0,0.0,108300,6835372.683129684,8000000.0,10000000.0,0.0,45486000,0.0,89889000,41820133.11861654,2000.0,5000.0,"[0.13, 0.13299, 0.13604876999999999, 0.13917789170999997, 0.14237898321932996, 0.14565369983337453, 0.14900373492954214, 0.1524308208329216, 0.15593672971207878, 0.15952327449545659, 0.16319230980885208, 0.16694573293445567, 0.17078548479194813, 0.17471355094216293, 0.17873196261383265, 0.1828427977539508, 0.18704818210229165, 0.19135029029064435, 0.19575134696732915, 0.2002536279475777, 0.20485946139037198, 0.2095712290023505, 0.21439136726940455, 0.21932236871660085, 0.22436678319708264]","[2071.681019, 2101.1183, 2120.216298, 2155.8328023761574, 2216.81170275417, 2442.0380486682975, 2550.6864967858787, 2613.877265, 2487.893181695714, 2296.315457, 2119.959656, 2027.185841133068]","[37290.258342, 37820.129400000005, 38163.893363999996, 38804.99044277083, 39902.61064957506, 43956.68487602936, 45912.356942145816, 47049.79077, 44782.077270522845, 41333.678226, 38159.273808, 36489.34514039522]","[97754.77712187906, 101747.40719044041, 97387.46110321229, 95363.9583484302, 126557.6196905385, 147487.4322714223, 181295.16496936933, 188940.9963505978, 153395.6343353971, 123293.57901589292, 101123.22768163495, 119283.3227882022]",-142341.4758967292
