,tot_cost,solar capacity (W),wind capacity (W),battery capacity (Wh),inverter capacity (W),grid electricity (Wh),solar_cost,wind_cost,storage_cost,inverter_cost,storage cost after replacement,inverter cost after replacement,fossil_cost,solar_OM,wind_OM,grid rates in 25 years,12 peak demands,12 peak demand charges,12 grid charges,1 year of curtailment export
0,69504602.61983381,0.0,0.0,0.0,108300,13076975682.464386,0.0,0.0,0.0,45486.0,0.0,89889.0,69414713.61983381,0.0,0.0,"[0.00013000000000000002, 0.00013299, 0.00013604877, 0.00013917789171, 0.00014237898321932998, 0.00014565369983337456, 0.00014900373492954215, 0.0001524308208329216, 0.00015593672971207879, 0.0001595232744954566, 0.0001631923098088521, 0.0001669457329344557, 0.00017078548479194816, 0.00017471355094216296, 0.0001787319626138327, 0.00018284279775395083, 0.00018704818210229168, 0.00019135029029064438, 0.00019575134696732917, 0.0002002536279475777, 0.00020485946139037198, 0.0002095712290023505, 0.00021439136726940456, 0.00021932236871660086, 0.00022436678319708267]","[2100032.719, 2141412.239, 2229296.471, 2288179.356, 2443750.894, 2625759.875, 2688159.148, 2713126.611, 2598270.305, 2411723.821, 2168930.2, 2096033.52]","[37800.588941999995, 38545.420302, 40127.336478, 41187.228408, 43987.51609199999, 47263.677749999995, 48386.864664, 48836.278997999994, 46768.86549, 43411.028778, 39040.7436, 37728.60336]","[223461.02601735498, 203396.28836909548, 230846.20891093177, 230490.79622417327, 254455.71943058065, 264631.0754410871, 281849.51698364434, 287554.544656675, 262074.20488593433, 247763.42853221277, 226216.1660969467, 221299.99227237562]",0.0
