,tot_cost,solar capacity (W),wind capacity (W),battery capacity (Wh),inverter capacity (W),grid electricity (Wh),solar_cost,wind_cost,storage_cost,inverter_cost,storage cost after replacement,inverter cost after replacement,fossil_cost,solar_OM,wind_OM,grid rates in 25 years,12 peak demands,12 peak demand charges,12 grid charges,1 year of curtailment export
0,53236359.577151775,3805000.0,1260500.0,0,108300,8773987444.35452,6088000.0,2521000.0,0.0,45486.0,0.0,89889.0,42385461.426681995,1522000.0,1260500.0,"[0.00011, 0.00011253, 0.00011511818999999999, 0.00011776590836999998, 0.00012047452426250998, 0.0001232454383205477, 0.00012608008340192028, 0.00012897992532016444, 0.00013194646360252822, 0.00013498123226538637, 0.00013808580060749025, 0.0001412617740214625, 0.00014451079482395615, 0.00014783454310490714, 0.00015123473759632, 0.00015471313656103536, 0.00015827153870193915, 0.00016191178409208373, 0.00016563575512620164, 0.00016944537749410426, 0.00017334262117646863, 0.00017732950146352738, 0.0001814080799971885, 0.0001855804658371238, 0.00018984881655137765]","[2071681.019, 2110786.2726649498, 2120216.298, 2186437.2428892334, 2270760.1387483627, 2467134.9782072734, 2552971.0854090536, 2613877.265, 2490300.3780985894, 2306521.718293316, 2135009.931366049, 2032133.572860956]","[31075.215285, 31661.794089974246, 31803.244469999998, 32796.5586433385, 34061.40208122544, 37007.0246731091, 38294.566281135805, 39208.158975, 37354.50567147884, 34597.82577439974, 32025.148970490736, 30482.003592914338]","[116148.03528990589, 111340.80003369278, 116051.75307686126, 116467.50147319869, 145471.2508285188, 153783.11904399405, 172421.19788888164, 179207.29800172237, 156974.846583489, 145914.3635892288, 120085.59272277677, 131865.37421508497]",-25219.63398120888
