,tot_cost,solar capacity (W),wind capacity (W),battery capacity (Wh),inverter capacity (W),grid electricity (Wh),solar_cost,wind_cost,storage_cost,inverter_cost,storage cost after replacement,inverter cost after replacement,fossil_cost,solar_OM,wind_OM,grid rates in 25 years,12 peak demands,12 peak demand charges,12 grid charges,1 year of curtailment export
0,61129337.77,3805000,1260500,0,108300,8773987444,6088000,2521000,0,45486,0,89889,50278439.62,1522000,1260500,"[0.00013000000000000002, 0.00013299, 0.00013604877, 0.00013917789171, 0.00014237898321932998, 0.00014565369983337456, 0.00014900373492954215, 0.0001524308208329216, 0.00015593672971207879, 0.0001595232744954566, 0.0001631923098088521, 0.0001669457329344557, 0.00017078548479194816, 0.00017471355094216296, 0.0001787319626138327, 0.00018284279775395083, 0.00018704818210229168, 0.00019135029029064438, 0.00019575134696732917, 0.0002002536279475777, 0.00020485946139037198, 0.0002095712290023505, 0.00021439136726940456, 0.00021932236871660086, 0.00022436678319708267]","[2071681.019, 2110786.2726649498, 2120216.298, 2186437.2428892334, 2270760.1387483627, 2467134.9782072734, 2552971.0854090536, 2613877.265, 2490300.3780985894, 2306521.718293316, 2135009.931366049, 2032133.572860956]","[37290.258342, 37994.152907969095, 38163.893363999996, 39355.8703720062, 40873.68249747052, 44408.42960773092, 45953.47953736296, 47049.79077, 44825.406805774604, 41517.39092927969, 38430.17876458888, 36578.4043114972]","[137265.85988807058, 131584.58185800054, 137152.07181810876, 137643.41083196207, 171920.56916097677, 181743.68614290206, 203770.50659595104, 211790.4430929446, 185515.727780487, 172444.24787817948, 141919.3368541907, 155840.89679964585]",-25219.63398